bank,date,var_99_gaussian
goldmansachs,2025-09-30,128.70303659181596
morganstanley,2025-09-30,83.4448259221664
jpmorgan,2025-09-30,46.67252975307612
citigroup,2025-09-30,128.0
bankofamerica,2025-09-30,71.0
wellsfargo,2025-09-30,33.0
bny,2025-09-30,1.6
statestreet,2025-09-30,9.392
goldmansachs,2025-06-30,138.6032701758018
morganstanley,2025-06-30,70.71595417132745
jpmorgan,2025-06-30,59.40140150391506
citigroup,2025-06-30,130.0
bankofamerica,2025-06-30,89.0
wellsfargo,2025-06-30,30.0
bny,2025-06-30,2.6
statestreet,2025-06-30,6.697
goldmansachs,2025-03-31,128.70303659181596
morganstanley,2025-03-31,70.71595417132745
jpmorgan,2025-03-31,70.71595417132745
citigroup,2025-03-31,129.0
bankofamerica,2025-03-31,99.0
wellsfargo,2025-03-31,25.0
bny,2025-03-31,1.7
statestreet,2025-03-31,9.709
goldmansachs,2024-12-31,135.7746320089487
morganstanley,2024-12-31,65.05867783762126
jpmorgan,2024-12-31,56.572763337061964
citigroup,2024-12-31,125.0
bankofamerica,2024-12-31,74.0
wellsfargo,2024-12-31,24.0
bny,2024-12-31,1.7
statestreet,2024-12-31,11.483
goldmansachs,2024-09-30,130.11735567524252
morganstanley,2024-09-30,65.05867783762126
jpmorgan,2024-09-30,63.64435875419471
citigroup,2024-09-30,119.0
bankofamerica,2024-09-30,81.0
wellsfargo,2024-09-30,24.0
bny,2024-09-30,2.0
statestreet,2024-09-30,14.117
goldmansachs,2024-06-30,128.70303659181596
morganstanley,2024-06-30,67.88731600447436
jpmorgan,2024-06-30,79.20186867188676
citigroup,2024-06-30,124.0
bankofamerica,2024-06-30,96.0
wellsfargo,2024-06-30,29.0
bny,2024-06-30,1.8
statestreet,2024-06-30,18.667
goldmansachs,2024-03-31,123.04576025810977
morganstanley,2024-03-31,76.37323050503365
jpmorgan,2024-03-31,67.88731600447436
citigroup,2024-03-31,165.0
bankofamerica,2024-03-31,85.0
wellsfargo,2024-03-31,40.0
bny,2024-03-31,1.8
statestreet,2024-03-31,12.186
goldmansachs,2023-12-31,128.70303659181596
morganstanley,2023-12-31,65.05867783762126
jpmorgan,2023-12-31,49.501167919929216
citigroup,2023-12-31,153.0
bankofamerica,2023-12-31,86.0
wellsfargo,2023-12-31,32.0
bny,2023-12-31,2.2
statestreet,2023-12-31,15.157
goldmansachs,2023-09-30,123.04576025810977
morganstanley,2023-09-30,67.88731600447436
jpmorgan,2023-09-30,57.98708242048851
citigroup,2023-09-30,132.0
bankofamerica,2023-09-30,77.0
wellsfargo,2023-09-30,34.0
bny,2023-09-30,2.1
statestreet,2023-09-30,11.964
goldmansachs,2023-06-30,165.47533276090624
morganstanley,2023-06-30,73.54459233818055
jpmorgan,2023-06-30,66.47299692104781
citigroup,2023-06-30,148.0
bankofamerica,2023-06-30,81.0
wellsfargo,2023-06-30,35.0
bny,2023-06-30,3.0
statestreet,2023-06-30,9.775
goldmansachs,2023-03-31,142.84622742608147
morganstanley,2023-03-31,77.7875495884602
jpmorgan,2023-03-31,66.47299692104781
citigroup,2023-03-31,161.0
bankofamerica,2023-03-31,124.0
wellsfargo,2023-03-31,39.0
bny,2023-03-31,4.0
statestreet,2023-03-31,9.517
goldmansachs,2022-12-31,144.260546509508
morganstanley,2022-12-31,90.51642133929914
jpmorgan,2022-12-31,86.2734640890195
citigroup,2022-12-31,184.0
bankofamerica,2022-12-31,68.0
wellsfargo,2022-12-31,43.0
bny,2022-12-31,4.5
statestreet,2022-12-31,7.816
goldmansachs,2022-09-30,181.03284267859829
morganstanley,2022-09-30,86.2734640890195
jpmorgan,2022-09-30,76.37323050503365
citigroup,2022-09-30,159.0
bankofamerica,2022-09-30,51.0
wellsfargo,2022-09-30,37.0
bny,2022-09-30,4.5
statestreet,2022-09-30,7.359
goldmansachs,2022-06-30,175.3755663448921
morganstanley,2022-06-30,65.05867783762126
jpmorgan,2022-06-30,76.37323050503365
citigroup,2022-06-30,135.0
bankofamerica,2022-06-30,84.0
wellsfargo,2022-06-30,32.0
bny,2022-06-30,6.9
statestreet,2022-06-30,8.164
goldmansachs,2022-03-31,138.6032701758018
morganstanley,2022-03-31,55.158444253635416
jpmorgan,2022-03-31,89.1021022558726
citigroup,2022-03-31,137.0
bankofamerica,2022-03-31,91.0
wellsfargo,2022-03-31,27.0
bny,2022-03-31,4.9
statestreet,2022-03-31,11.328
goldmansachs,2021-12-31,117.38848392440357
morganstanley,2021-12-31,56.572763337061964
jpmorgan,2021-12-31,52.32980608678232
citigroup,2021-12-31,128.0
bankofamerica,2021-12-31,74.0
wellsfargo,2021-12-31,23.0
bny,2021-12-31,3.5
statestreet,2021-12-31,15.468
goldmansachs,2021-09-30,113.14552667412393
morganstanley,2021-09-30,63.64435875419471
jpmorgan,2021-09-30,50.915487003355764
citigroup,2021-09-30,139.0
bankofamerica,2021-09-30,66.0
wellsfargo,2021-09-30,33.0
bny,2021-09-30,3.4
statestreet,2021-09-30,17.503
goldmansachs,2021-06-30,127.28871750838942
morganstanley,2021-06-30,67.88731600447436
jpmorgan,2021-06-30,60.81572058734161
citigroup,2021-06-30,134.0
bankofamerica,2021-06-30,84.0
wellsfargo,2021-06-30,43.0
bny,2021-06-30,3.0
statestreet,2021-06-30,16.594
goldmansachs,2021-03-31,125.87439842496288
morganstanley,2021-03-31,97.58801675643188
jpmorgan,2021-03-31,149.9178228432142
citigroup,2021-03-31,123.0
bankofamerica,2021-03-31,99.0
wellsfargo,2021-03-31,98.0
bny,2021-03-31,3.2
statestreet,2021-03-31,15.187
goldmansachs,2020-12-31,118.80280300783012
morganstanley,2020-12-31,77.7875495884602
jpmorgan,2020-12-31,135.7746320089487
citigroup,2020-12-31,126.0
bankofamerica,2020-12-31,74.0
wellsfargo,2020-12-31,151.0
bny,2020-12-31,3.5
statestreet,2020-12-31,16.61
goldmansachs,2020-09-30,128.70303659181596
morganstanley,2020-09-30,82.03050683873985
jpmorgan,2020-09-30,127.28871750838942
citigroup,2020-09-30,130.0
bankofamerica,2020-09-30,71.0
wellsfargo,2020-09-30,153.0
bny,2020-09-30,3.4
statestreet,2020-09-30,14.718
goldmansachs,2020-06-30,172.546928178039
morganstanley,2020-06-30,84.85914500559295
jpmorgan,2020-06-30,183.86148084545138
citigroup,2020-06-30,245.0
bankofamerica,2020-06-30,89.0
wellsfargo,2020-06-30,155.0
bny,2020-06-30,4.7
statestreet,2020-06-30,11.255
goldmansachs,2020-03-31,114.55984575755048
morganstanley,2020-03-31,56.572763337061964
jpmorgan,2020-03-31,83.4448259221664
citigroup,2020-03-31,119.0
bankofamerica,2020-03-31,99.0
wellsfargo,2020-03-31,33.0
bny,2020-03-31,6.4
statestreet,2020-03-31,9.528
goldmansachs,2019-12-31,82.03050683873985
morganstanley,2019-12-31,55.158444253635416
jpmorgan,2019-12-31,52.32980608678232
citigroup,2019-12-31,67.0
bankofamerica,2019-12-31,86.0
wellsfargo,2019-12-31,31.0
bny,2019-12-31,5.7
statestreet,2019-12-31,10.104
goldmansachs,2019-09-30,82.03050683873985
morganstanley,2019-09-30,59.40140150391506
jpmorgan,2019-09-30,55.158444253635416
citigroup,2019-09-30,66.0
bankofamerica,2019-09-30,81.0
wellsfargo,2019-09-30,24.0
bny,2019-09-30,6.1
statestreet,2019-09-30,10.438
goldmansachs,2019-06-30,73.54459233818055
morganstanley,2019-06-30,59.40140150391506
jpmorgan,2019-06-30,65.05867783762126
citigroup,2019-06-30,69.0
bankofamerica,2019-06-30,96.0
wellsfargo,2019-06-30,20.0
bny,2019-06-30,5.3
statestreet,2019-06-30,10.937
goldmansachs,2019-03-31,77.7875495884602
morganstanley,2019-03-31,65.05867783762126
jpmorgan,2019-03-31,73.54459233818055
citigroup,2019-03-31,81.0
bankofamerica,2019-03-31,85.0
wellsfargo,2019-03-31,15.0
bny,2019-03-31,6.2
statestreet,2019-03-31,9.872
goldmansachs,2018-12-31,69.3016350879009
morganstanley,2018-12-31,69.3016350879009
jpmorgan,2018-12-31,72.130273254754
citigroup,2018-12-31,95.0
bankofamerica,2018-12-31,86.0
wellsfargo,2018-12-31,16.0
bny,2018-12-31,6.6
statestreet,2018-12-31,10.64
goldmansachs,2018-09-30,74.9589114216071
morganstanley,2018-09-30,59.40140150391506
jpmorgan,2018-09-30,49.501167919929216
citigroup,2018-09-30,82.0
bankofamerica,2018-09-30,77.0
wellsfargo,2018-09-30,12.0
bny,2018-09-30,4.7
statestreet,2018-09-30,6.011
goldmansachs,2018-06-30,90.51642133929914
morganstanley,2018-06-30,62.230039670768164
jpmorgan,2018-06-30,49.501167919929216
citigroup,2018-06-30,90.0
bankofamerica,2018-06-30,96.0
wellsfargo,2018-06-30,15.0
bny,2018-06-30,5.3
statestreet,2018-06-30,6.548
goldmansachs,2018-03-31,103.24529309013809
morganstanley,2018-03-31,65.05867783762126
jpmorgan,2018-03-31,60.81572058734161
citigroup,2018-03-31,102.0
bankofamerica,2018-03-31,85.0
wellsfargo,2018-03-31,17.0
bny,2018-03-31,6.5
statestreet,2018-03-31,6.62
goldmansachs,2017-12-31,76.37323050503365
morganstanley,2017-12-31,53.74412517020887
jpmorgan,2017-12-31,48.08684883650267
citigroup,2017-12-31,93.0
bankofamerica,2017-12-31,86.0
wellsfargo,2017-12-31,13.0
bny,2017-12-31,5.0
statestreet,2017-12-31,8.475
goldmansachs,2017-09-30,66.47299692104781
morganstanley,2017-09-30,60.81572058734161
jpmorgan,2017-09-30,42.429572502796475
citigroup,2017-09-30,89.0
bankofamerica,2017-09-30,81.0
wellsfargo,2017-09-30,15.0
bny,2017-09-30,3.8
statestreet,2017-09-30,7.546
goldmansachs,2017-06-30,72.130273254754
morganstanley,2017-06-30,72.130273254754
jpmorgan,2017-06-30,38.18661525251682
citigroup,2017-06-30,96.0
bankofamerica,2017-06-30,96.0
wellsfargo,2017-06-30,29.0
bny,2017-06-30,4.1
statestreet,2017-06-30,7.74
goldmansachs,2017-03-31,90.51642133929914
morganstanley,2017-03-31,62.230039670768164
jpmorgan,2017-03-31,35.35797708566373
citigroup,2017-03-31,100.0
bankofamerica,2017-03-31,44.0
wellsfargo,2017-03-31,26.0
bny,2017-03-31,4.1
statestreet,2017-03-31,6.595
goldmansachs,2016-12-31,86.2734640890195
morganstanley,2016-12-31,55.158444253635416
jpmorgan,2016-12-31,56.572763337061964
citigroup,2016-12-31,89.0
bankofamerica,2016-12-31,43.0
wellsfargo,2016-12-31,23.0
bny,2016-12-31,5.8
statestreet,2016-12-31,8.285
goldmansachs,2016-09-30,80.6161877553133
morganstanley,2016-09-30,59.40140150391506
jpmorgan,2016-09-30,60.81572058734161
citigroup,2016-09-30,85.0
bankofamerica,2016-09-30,47.0
wellsfargo,2016-09-30,22.0
bny,2016-09-30,6.6
statestreet,2016-09-30,7.497
goldmansachs,2016-06-30,87.68778317244605
morganstanley,2016-06-30,65.05867783762126
jpmorgan,2016-06-30,63.64435875419471
citigroup,2016-06-30,88.0
bankofamerica,2016-06-30,54.0
wellsfargo,2016-06-30,21.0
bny,2016-06-30,5.9
statestreet,2016-06-30,5.986
goldmansachs,2016-03-31,101.83097400671153
morganstanley,2016-03-31,65.05867783762126
jpmorgan,2016-03-31,76.37323050503365
citigroup,2016-03-31,108.0
bankofamerica,2016-03-31,50.0
wellsfargo,2016-03-31,18.0
bny,2016-03-31,5.4
statestreet,2016-03-31,4.693
goldmansachs,2015-12-31,100.41665492328498
morganstanley,2015-12-31,65.05867783762126
jpmorgan,2015-12-31,66.47299692104781
citigroup,2015-12-31,107.0
bankofamerica,2015-12-31,53.0
wellsfargo,2015-12-31,19.0
bny,2015-12-31,4.8
statestreet,2015-12-31,7.022
goldmansachs,2015-09-30,104.65961217356464
morganstanley,2015-09-30,74.9589114216071
jpmorgan,2015-09-30,76.37323050503365
citigroup,2015-09-30,116.0
bankofamerica,2015-09-30,60.0
wellsfargo,2015-09-30,21.0
bny,2015-09-30,5.0
statestreet,2015-09-30,6.056
goldmansachs,2015-06-30,108.90256942384428
morganstanley,2015-06-30,76.37323050503365
jpmorgan,2015-06-30,59.40140150391506
citigroup,2015-06-30,113.0
bankofamerica,2015-06-30,61.0
wellsfargo,2015-06-30,16.0
bny,2015-06-30,5.4
statestreet,2015-06-30,6.271
goldmansachs,2015-03-31,114.55984575755048
morganstanley,2015-03-31,66.47299692104781
jpmorgan,2015-03-31,60.81572058734161
citigroup,2015-03-31,131.0
bankofamerica,2015-03-31,71.0
wellsfargo,2015-03-31,18.0
bny,2015-03-31,5.5
statestreet,2015-03-31,7.022
goldmansachs,2014-12-31,108.90256942384428
morganstanley,2014-12-31,66.47299692104781
jpmorgan,2014-12-31,60.81572058734161
citigroup,2014-12-31,120.0
bankofamerica,2014-12-31,59.0
wellsfargo,2014-12-31,21.0
bny,2014-12-31,5.5
statestreet,2014-12-31,8.281
goldmansachs,2014-09-30,93.34505950615224
morganstanley,2014-09-30,59.40140150391506
jpmorgan,2014-09-30,50.915487003355764
citigroup,2014-09-30,121.0
bankofamerica,2014-09-30,56.0
wellsfargo,2014-09-30,17.0
bny,2014-09-30,6.0
statestreet,2014-09-30,6.455
goldmansachs,2014-06-30,108.90256942384428
morganstanley,2014-06-30,67.88731600447436
jpmorgan,2014-06-30,77.7875495884602
citigroup,2014-06-30,59.0
bankofamerica,2014-06-30,59.0
wellsfargo,2014-06-30,24.0
bny,2014-06-30,7.9
statestreet,2014-06-30,6.912
goldmansachs,2014-03-31,115.97416484097702
morganstanley,2014-03-31,70.71595417132745
jpmorgan,2014-03-31,59.40140150391506
citigroup,2014-03-31,156.0
bankofamerica,2014-03-31,59.0
wellsfargo,2014-03-31,24.0
bny,2014-03-31,9.0
statestreet,2014-03-31,5.13
goldmansachs,2013-12-31,120.21712209125667
morganstanley,2013-12-31,74.9589114216071
jpmorgan,2013-12-31,62.230039670768164
citigroup,2013-12-31,144.0
bankofamerica,2013-12-31,99.0
wellsfargo,2013-12-31,23.0
bny,2013-12-31,8.2
statestreet,2013-12-31,5.13
goldmansachs,2013-09-30,114.55984575755048
morganstanley,2013-09-30,79.20186867188676
jpmorgan,2013-09-30,63.64435875419471
citigroup,2013-09-30,117.0
bankofamerica,2013-09-30,54.0
wellsfargo,2013-09-30,18.0
bny,2013-09-30,11.3
statestreet,2013-09-30,5.13
goldmansachs,2013-06-30,121.63144117468322
morganstanley,2013-06-30,86.2734640890195
jpmorgan,2013-06-30,56.572763337061964
citigroup,2013-06-30,120.0
bankofamerica,2013-06-30,69.0
wellsfargo,2013-06-30,15.0
bny,2013-06-30,11.3
statestreet,2013-06-30,5.13
goldmansachs,2013-03-31,117.38848392440357
morganstanley,2013-03-31,87.68778317244605
jpmorgan,2013-03-31,87.68778317244605
citigroup,2013-03-31,110.0
bankofamerica,2013-03-31,80.0
wellsfargo,2013-03-31,24.0
bny,2013-03-31,13.0
statestreet,2013-03-31,5.13
goldmansachs,2012-12-31,100.41665492328498
morganstanley,2012-12-31,106.07393125699119
jpmorgan,2012-12-31,138.6032701758018
citigroup,2012-12-31,137.0
bankofamerica,2012-12-31,100.0
wellsfargo,2012-12-31,18.0
bny,2012-12-31,10.5
statestreet,2012-12-31,5.13
goldmansachs,2012-09-30,114.55984575755048
morganstanley,2012-09-30,101.83097400671153
jpmorgan,2012-09-30,172.546928178039
citigroup,2012-09-30,129.0
bankofamerica,2012-09-30,54.8
wellsfargo,2012-09-30,19.0
bny,2012-09-30,12.6
statestreet,2012-09-30,5.13
goldmansachs,2012-06-30,120.21712209125667
morganstanley,2012-06-30,107.48825034041774
jpmorgan,2012-06-30,106.07393125699119
citigroup,2012-06-30,149.0
bankofamerica,2012-06-30,62.5
wellsfargo,2012-06-30,31.0
bny,2012-06-30,10.0
statestreet,2012-06-30,5.13
goldmansachs,2012-03-31,134.36031292552215
morganstanley,2012-03-31,110.31688850727083
jpmorgan,2012-03-31,114.55984575755048
citigroup,2012-03-31,178.0
bankofamerica,2012-03-31,84.1
wellsfargo,2012-03-31,32.0
bny,2012-03-31,9.0
statestreet,2012-03-31,5.13
goldmansachs,2011-12-31,140.01758925922837
morganstanley,2011-12-31,123.04576025810977
jpmorgan,2011-12-31,107.48825034041774
citigroup,2011-12-31,183.0
bankofamerica,2011-12-31,88.4
wellsfargo,2011-12-31,32.0
bny,2011-12-31,11.3
statestreet,2011-12-31,5.13
goldmansachs,2011-09-30,203.66194801342306
morganstanley,2011-09-30,202.24762892999652
jpmorgan,2011-09-30,99.00233583985843
citigroup,2011-09-30,196.0
bankofamerica,2011-09-30,163.7
wellsfargo,2011-09-30,30.0
bny,2011-09-30,13.3
statestreet,2011-09-30,5.13
goldmansachs,2011-06-30,120.21712209125667
morganstanley,2011-06-30,182.44716176202485
jpmorgan,2011-06-30,108.90256942384428
citigroup,2011-06-30,168.0
bankofamerica,2011-06-30,229.2
wellsfargo,2011-06-30,28.0
bny,2011-06-30,8.1
statestreet,2011-06-30,5.13
goldmansachs,2011-03-31,158.4037373437735
morganstanley,2011-03-31,189.51875717915757
jpmorgan,2011-03-31,117.38848392440357
citigroup,2011-03-31,195.0
bankofamerica,2011-03-31,183.9
wellsfargo,2011-03-31,25.0
bny,2011-03-31,7.5
statestreet,2011-03-31,5.13
goldmansachs,2010-12-31,156.98941826034695
morganstanley,2010-12-31,166.8896518443328
jpmorgan,2010-12-31,123.04576025810977
citigroup,2010-12-31,191.0
bankofamerica,2010-12-31,157.1
wellsfargo,2010-12-31,30.0
bny,2010-12-31,3.9
statestreet,2010-12-31,5.13
goldmansachs,2010-09-30,176.78988542831863
morganstanley,2010-09-30,294.1783693527222
jpmorgan,2010-09-30,140.01758925922837
citigroup,2010-09-30,213.0
bankofamerica,2010-09-30,185.0
wellsfargo,2010-09-30,31.0
bny,2010-09-30,9.2
statestreet,2010-09-30,5.13
goldmansachs,2010-06-30,195.17603351286377
morganstanley,2010-06-30,231.94832968195405
jpmorgan,2010-06-30,127.28871750838942
citigroup,2010-06-30,188.0
bankofamerica,2010-06-30,189.0
wellsfargo,2010-06-30,30.0
bny,2010-06-30,6.6
statestreet,2010-06-30,5.13
goldmansachs,2010-03-31,231.94832968195405
morganstanley,2010-03-31,236.1912869322337
jpmorgan,2010-03-31,115.97416484097702
citigroup,2010-03-31,200.0
bankofamerica,2010-03-31,275.8
wellsfargo,2010-03-31,38.0
bny,2010-03-31,10.9
statestreet,2010-03-31,5.13
goldmansachs,2009-12-31,216.390819764262
morganstanley,2009-12-31,264.4776686007647
jpmorgan,2009-12-31,231.94832968195405
citigroup,2009-12-31,163.0
bankofamerica,2009-12-31,255.7
wellsfargo,2009-12-31,45.0
bny,2009-12-31,8.1
statestreet,2009-12-31,5.13
goldmansachs,2009-09-30,267.3063067676178
morganstanley,2009-09-30,247.5058395996461
jpmorgan,2009-09-30,291.34973118586913
citigroup,2009-09-30,281.0
bankofamerica,2009-09-30,159.4
wellsfargo,2009-09-30,42.0
bny,2009-09-30,6.0
statestreet,2009-09-30,5.13
goldmansachs,2009-06-30,312.56451743726734
morganstanley,2009-06-30,244.677201432793
jpmorgan,2009-06-30,377.6231952748886
citigroup,2009-06-30,260.0
bankofamerica,2009-06-30,167.7
wellsfargo,2009-06-30,59.0
bny,2009-06-30,4.5
statestreet,2009-06-30,5.13
goldmansachs,2009-03-31,376.2088761914621
morganstanley,2009-03-31,192.34739534601067
jpmorgan,2009-03-31,475.2112120313205
citigroup,2009-03-31,291.0
bankofamerica,2009-03-31,244.6
wellsfargo,2009-03-31,103.0
bny,2009-03-31,8.8
statestreet,2009-03-31,5.13
goldmansachs,2008-12-31,326.70770827153285
morganstanley,2008-12-31,203.66194801342306
jpmorgan,2008-12-31,231.94832968195405
citigroup,2008-12-31,295.0
bankofamerica,2008-12-31,171.3
wellsfargo,2008-12-31,19.0
bny,2008-12-31,14.7
statestreet,2008-12-31,5.13
goldmansachs,2008-09-30,345.093856356078
morganstanley,2008-09-30,190.93307626258414
jpmorgan,2008-09-30,248.92015868307266
citigroup,2008-09-30,240.0
bankofamerica,2008-09-30,94.6
wellsfargo,2008-09-30,25.0
bny,2008-09-30,7.6
statestreet,2008-09-30,5.13
goldmansachs,2008-06-30,274.37790218475055
morganstanley,2008-06-30,166.8896518443328
jpmorgan,2008-06-30,210.7335434305558
citigroup,2008-06-30,292.0
bankofamerica,2008-06-30,87.5
wellsfargo,2008-06-30,15.0
bny,2008-06-30,10.9
statestreet,2008-06-30,5.13
goldmansachs,2008-03-31,241.8485632659399
morganstanley,2008-03-31,151.33214192664076
jpmorgan,2008-03-31,172.546928178039
citigroup,2008-03-31,341.0
bankofamerica,2008-03-31,90.1
wellsfargo,2008-03-31,13.0
bny,2008-03-31,10.8
statestreet,2008-03-31,5.13
goldmansachs,2007-12-31,195.17603351286377
morganstanley,2007-12-31,117.38848392440357
jpmorgan,2007-12-31,149.9178228432142
citigroup,2007-12-31,191.0
bankofamerica,2007-12-31,69.8
wellsfargo,2007-12-31,18.0
bny,2007-12-31,8.8
statestreet,2007-12-31,5.13
goldmansachs,2007-09-30,185.27579992887794
morganstanley,2007-09-30,118.80280300783012
jpmorgan,2007-09-30,151.33214192664076
citigroup,2007-09-30,141.0
bankofamerica,2007-09-30,46.7
wellsfargo,2007-09-30,35.0
bny,2007-09-30,11.4
statestreet,2007-09-30,5.13
goldmansachs,2007-06-30,190.93307626258414
morganstanley,2007-06-30,131.53167475866906
jpmorgan,2007-06-30,155.5750991769204
citigroup,2007-06-30,138.0
bankofamerica,2007-06-30,42.7
wellsfargo,2007-06-30,10.0
bny,2007-06-30,9.5
statestreet,2007-06-30,5.13
goldmansachs,2007-03-31,217.80513884768857
morganstanley,2007-03-31,110.31688850727083
jpmorgan,2007-03-31,117.38848392440357
citigroup,2007-03-31,102.0
bankofamerica,2007-03-31,41.3
wellsfargo,2007-03-31,12.0
bny,2007-03-31,9.1
statestreet,2007-03-31,5.13
